2.80483294555057E-07,1.15626132642533E-10
0.000000457,9.7815347016712E-11
7.4484001469286E-07,8.69012453082149E-11
1.21341399610524E-06,7.47873250661615E-11
1.97727920992274E-06,5.61078981546123E-11
3.22212214694786E-06,4.29468188137903E-11
5.25234203741145E-06,3.0085206724093E-11
8.5567727856872E-06,2.1568105539528E-11
1.39414517490139E-05,1.21882120092092E-11
2.2717419615653E-05,7.57031585721644E-12
2.97356885955672E-07,1.50741905220548E-10
4.66506822999826E-07,1.44319162517794E-10
7.31605564489551E-07,1.38489867577933E-10
1.14806902552832E-06,1.20169983073508E-10
1.80068190342651E-06,9.54128788897125E-11
2.82509463244616E-06,7.09242905048147E-11
4.4334723064301E-06,4.9925911206581E-11
6.95211584070744E-06,3.39307141133901E-11
1.09058369402389E-05,2.66000222559072E-11
1.71094086758613E-05,1.31346952264684E-11
2.68365695319119E-05,8.72145611839006E-12
2.97356885955672E-07,8.96540679589111E-11
4.66506822999826E-07,7.39087742971304E-11
7.31605564489551E-07,5.69361372855959E-11
1.14806902552832E-06,4.30424516210836E-11
1.80068190342651E-06,3.10870849526731E-11
2.82509463244616E-06,2.1664217142421E-11
4.4334723064301E-06,1.46819925715041E-11
6.95211584070744E-06,9.82444441887001E-12
1.09058369402389E-05,7.40834160794264E-12
281.1447642057,3.96324572646543E-10
326.7202103382,3.41448335538439E-10
379.6575143079,2.92150073562278E-10
441.2787354887,2.41602264198482E-10
512.8271388324,1.92761811953714E-10
595.5414582326,1.51352988282909E-10
692.3154123531,1.14254943529738E-10
804.3943287247,8.77408828564427E-11
934.6671948582,6.19703572784325E-11
1086.0354460563,4.52627566104647E-11
1262.2169270067,3.82532201615361E-11
1466.5200332724,2.38881215385329E-11
1704.323373278,1.79491960017757E-11
1980.5873459573,1.26274890330318E-11
2301.516008323,7.85089194445523E-12
2674.1452937876,7.17676953310156E-12
3107.5634156774,5.78482199766839E-12
3610.8795360319,3.64471857389316E-12
430.9401911883,8.15186539664095E-11
542.1906200836,4.55458697672379E-11
681.9774269444,4.42730049570979E-11
856.9174761274,2.52406189230282E-11
1078.1768433748,1.29268884152706E-11
1354.8555665122,1.9632517805354E-11
1703.9074429821,1.04672115098575E-11
331.0213457908,7.38128543737457E-11
418.9459534719,4.72550252978139E-11
531.0238168757,3.59187322614103E-11
672.8790394457,2.61314795537196E-11
853.1944073374,1.37909124051993E-11
1081.8996990834,7.14456842640344E-12
1370.9859369959,7.46555329247524E-12
1737.820836036,4.4466300644304E-12
222.996989483,2.95592901155403E-11
290.9879466889,1.87229811474142E-11
381.0219540949,1.27914860046184E-11
497.9388362871,9.29790276212344E-12
650.9595458549,5.75795146769473E-12
851.1262793771,2.73829983344463E-12
1112.9175730284,2.2030482046325E-12
1456.1797924158,1.95979208791966E-12
1904.074776841,1.35913000395641E-12
2488.8630490948,8.67503029276854E-13
3255.2099175563,8.19896438669685E-13
4255.6313543968,4.00679386377506E-13
247.6041959208,3.26098649327974E-11
469.4020695168,1.39148010086253E-11
890.0020356856,5.38212772584605E-12
1687.364857974,2.48197269858787E-12
3199.3739178542,1.83693166254014E-12
233.5016748497,3.24957825552994E-11
311.5006806794,2.05211171660768E-11
414.8107473331,1.87360052749533E-11
553.356479931,1.07004982421261E-11
738.6351994705,5.93309087063676E-12
984.7092102239,4.95372621374486E-12
1312.6713301845,2.70479901748008E-12
1749.8144555543,2.36992171329867E-12
2333.3613505417,1.36969856259878E-12
3112.1176025085,1.41199123232962E-12
407.0774074809,5.87032302859536E-11
542.6040112509,4.87061722145019E-11
724.1607799044,2.27707848563171E-11
965.6861439066,1.68210847911317E-11
1287.0309773587,2.53470253980371E-11
1716.3150075656,2.26712778757178E-11
2288.2844006639,1.98354016960013E-11
3051.7362747462,1.26551122012091E-11
406.332911465,2.70527861829728E-11
541.7762963773,2.00846838519837E-11
722.9196006308,1.34397131664269E-11
964.031000933,8.80162781358121E-12
1284.9611581582,1.06795019653208E-11
405.0913782606,1.42184089089627E-11
540.122165255,1.1320301661162E-11
720.8518211684,5.61862438876019E-12
960.7225841879,4.97142623698781E-12
1280.8256020974,2.19375942669893E-12
1707.6308808585,1.16087110126647E-12
228.2905844788,1.92048093414195E-11
304.5944599491,1.08988079534418E-11
405.8775217974,9.21191665453407E-12
540.9498441408,5.6760733622302E-12
722.0927756278,4.75103248608301E-12
962.7909514188,2.63237040800209E-12
1283.3082907105,1.84731093069888E-12
1711.3545742237,1.75010860433289E-12
2281.6656277397,5.74600500574166E-13
228.1250620875,2.1085019160226E-11
304.3876305773,1.3658594129873E-11
405.6290029492,1.08571040513323E-11
540.5364685935,6.63125914240046E-12
721.6788869542,5.4188234306674E-12
961.964399699,2.94720944286921E-12
1282.4811779377,9.91445851737621E-13
1710.1137543179,7.69413850615336E-13
2280.0113030475,1.33191956972498E-12
228.0426084455,2.87604051703232E-11
304.2636003732,1.9946789290919E-11
405.4637194654,1.6970201536958E-11
540.5364685935,8.49286068357261E-12
721.2668962896,5.86763377802808E-12
961.5502829475,3.1889301014994E-12
1709.2831051234,1.97374935002979E-12
218.4062187429,9.45170155537276E-10
264.7676982965,8.57369440993724E-10
321.1781557541,7.50179168173319E-10
388.8794555198,6.18150179938661E-10
471.0564990229,5.06180021590527E-10
570.3126438307,3.88590339789875E-10
690.6611063724,3.08020059203824E-10
837.066574204,2.10320206739925E-10
1014.0724871238,1.58830169730847E-10
1229.130512692,1.13339945637492E-10
1489.265058149,8.43960265334817E-11
1803.9936312831,8.18660808425542E-11
2185.3047010194,5.22200159335061E-11
2647.6769829653,6.12409614121498E-11
3208.0638245273,1.71699883307032E-11
3886.315010366,9.04640444078332E-12
4706.4234578063,1.60879978666855E-11
0.1000838492,6.57477658778922E-11
0.1000838492,2.85483491766215E-11
0.1000838492,1.70857481335116E-11
0.1000838492,3.30901701262011E-11
6.0050413189,4.12958110424647E-11
60.050413189,5.4786051322108E-11
0.6005041319,2.60471973177784E-11
2.0016770046,3.41324922273045E-11
0.2001677005,1.64528826455913E-11
1.0008384923,5.43757174229629E-11
1.0008384923,3.5794063152661E-11
1.0008384923,3.344690987927E-11
1.0008384923,3.4620473231137E-11
1.0008384923,3.14909672308165E-11
1.0008384923,4.14663682304458E-11
1.0008384923,2.95350016869917E-11
1.0008384923,3.18821793109157E-11
1.0008384923,5.4571262342529E-11
1.0008384923,4.65518559170738E-11
1.0008384923,2.95350016869917E-11
1.0008384923,4.0292758423096E-11
1.0008384923,3.81411690233305E-11
1.0008384923,2.93393845877597E-11
1.0008384923,1.62931854235176E-11
1.0008384923,2.44495010082196E-11
1.0008384923,1.99507855298104E-11
1.0008384923,1.78384041848443E-11
1.0008384923,1.68408109259004E-11
1.0008384923,2.30802761104242E-11
1.0008384923,1.80339972868095E-11
1.0008384923,3.44249247818124E-11
1.0008384923,3.4620473231137E-11
1.0008384923,2.32758741314063E-11
6.0050413189,4.42066901946976E-11
60.050413189,5.59166313727615E-11
0.6005041319,2.90010017821151E-11
2.0016770046,3.394892290455E-11
0.2001677005,2.22626572460662E-11
6.0050413189,4.99490232449593E-11
60.050413189,4.78257731998283E-11
0.6005041319,3.6455159271911E-11
2.0016770046,4.03710458161629E-11
0.2001677005,3.17778858011162E-11
5.00005751503786E-06,5.15385267611787E-11
5.00005751503786E-06,2.79266601523641E-11
91.9780080695,3.24209696772586E-11
315.967198828,2.36661710987781E-11
7.34913118867007E-06,1.0155890273202E-11
7.34913118867007E-06,3.00453314938291E-11
7.34913118867007E-06,9.64026561416435E-12
7.34913118867007E-06,6.83146739673331E-12
7.34913118867007E-06,1.96278169917707E-11
7.34913118867007E-06,1.93651114152694E-11
7.34913118867007E-06,1.52198019097694E-11
7.34913118867007E-06,1.44619881053213E-11
7.34913118867007E-06,1.97529971011545E-11
7.34913118867007E-06,6.00378318291998E-12
7.34913118867007E-06,1.50088010214376E-11
7.34913118867007E-06,2.1458877472296E-12
7.34913118867007E-06,2.26191874660864E-11
7.34913118867007E-06,1.79902003522994E-11
7.34913118867007E-06,2.29913779094063E-11
7.34913118867007E-06,2.55898063859007E-11
7.34913118867007E-06,6.27436818700879E-12
7.34913118867007E-06,9.29781712566865E-12
7.34913118867007E-06,1.00981077396874E-11
7.34913118867007E-06,9.64306290894717E-12
0.000003,1.82895912654027E-11
0.000003,5.20864789398722E-11
0.000003,1.73822903496547E-11
0.000003,1.12156900786704E-11
0.000003,2.80783769429474E-11
0.000003,2.9478202642057E-11
0.000003,1.92736070345115E-11
0.000003,2.43887195668428E-11
0.000003,2.81199795169018E-11
0.000003,1.15286910245008E-11
0.000003,2.16282808305749E-11
0.000003,3.65674772606689E-12
0.000003,3.44001233624595E-11
0.000003,2.6050496200517E-11
0.000003,3.453408868818E-11
0.000003,3.62834019528414E-11
0.000003,1.0586709593261E-11
0.000003,1.63316851952795E-11
0.000003,1.89830066553827E-11
0.000003,1.27306916727287E-11
1.39993541409416E-06,3.24651938206031E-11
1.39993541409416E-06,8.03024877839877E-11
1.39993541409416E-06,3.11840127973418E-11
1.39993541409416E-06,2.14448987450201E-11
1.39993541409416E-06,3.81808858135614E-11
1.39993541409416E-06,4.5883865707156E-11
1.39993541409416E-06,2.71680832902881E-11
1.39993541409416E-06,4.0467558201226E-11
1.39993541409416E-06,4.25780727812371E-11
1.39993541409416E-06,2.26775952638531E-11
1.39993541409416E-06,3.21902240894897E-11
1.39993541409416E-06,6.9473631380278E-12
1.39993541409416E-06,5.20622579960675E-11
1.39993541409416E-06,4.12744219818283E-11
1.39993541409416E-06,5.25484608476958E-11
1.39993541409416E-06,5.42536548282107E-11
1.39993541409416E-06,1.88577120525019E-11
1.39993541409416E-06,2.80476836262882E-11
1.39993541409416E-06,3.42557121027794E-11
1.39993541409416E-06,1.92780898469E-11
7.00174032567894E-07,4.49832676470534E-11
7.00174032567894E-07,9.81187484629292E-11
7.00174032567894E-07,4.05818648313175E-11
7.00174032567894E-07,3.01672692853453E-11
7.00174032567894E-07,4.44691675850704E-11
7.00174032567894E-07,5.52651050649247E-11
7.00174032567894E-07,3.17172116306816E-11
7.00174032567894E-07,5.29968430452976E-11
7.00174032567894E-07,5.01014159579879E-11
7.00174032567894E-07,3.14587165253759E-11
7.00174032567894E-07,3.57499962021134E-11
7.00174032567894E-07,9.61401952949127E-12
7.00174032567894E-07,6.41893532642699E-11
7.00174032567894E-07,5.11459205894024E-11
7.00174032567894E-07,6.17080751857798E-11
7.00174032567894E-07,6.58791519587872E-11
7.00174032567894E-07,2.44023133726103E-11
7.00174032567894E-07,3.34241213966663E-11
7.00174032567894E-07,4.5312080163197E-11
7.00174032567894E-07,2.287262448842E-11
0.0000003,7.55000084090328E-11
0.0000003,1.47269902739039E-10
0.0000003,5.35885492529491E-11
0.0000003,5.13214596752414E-11
0.0000003,6.10344450296445E-11
0.0000003,7.68884312304684E-11
0.0000003,4.35391553931342E-11
0.0000003,8.3699911732667E-11
0.0000003,6.26091777200587E-11
0.0000003,4.43986740230097E-11
0.0000003,4.63425577708334E-11
0.0000003,1.43659053251751E-11
0.0000003,1.07380890201575E-10
0.0000003,7.57877475836663E-11
0.0000003,8.22007916284402E-11
0.0000003,1.06530017901273E-10
0.0000003,3.59490153932263E-11
0.0000003,4.58978138254374E-11
0.0000003,6.87714212991492E-11
0.0000003,3.18051171805703E-11
1.00083849231215E-06,7.49108974411637E-11
1.00083849231215E-06,1.32746475768114E-10
1.00083849231215E-06,1.71303406763801E-10
1.00083849231215E-06,3.01846399606862E-10
1.00083849231215E-06,1.42110445201147E-10
4.47069456335664E-06,6.64645394869094E-11
4.47069456335664E-06,5.70705423848565E-11
4.47069456335664E-06,1.20934997509843E-10
4.47069456335664E-06,3.55357102433218E-11
4.47069456335664E-06,7.25609566723511E-11
4.47069456335664E-06,3.9259430915466E-11
4.47069456335664E-06,1.0468633603519E-10
4.47069456335664E-06,4.31468405723949E-11
2.38009339976235E-06,1.06183246610973E-10
3.82014634055291E-06,8.44109911955631E-11
5.71140556019006E-06,5.49351101938341E-11
8.78009065403617E-06,3.49652791630108E-11
2.49010694754593E-06,5.57927797889241E-11
3.99012039526381E-06,5.93269470191273E-11
5.98849925689021E-06,5.11408568232154E-11
9.22675523688639E-06,3.65306163706152E-11
2.38009339976235E-06,2.21876854320244E-10
3.82014634055291E-06,1.70178620945911E-10
5.71140556019006E-06,1.05061355557093E-10
2.38009339976235E-06,3.78095927875382E-11
3.82014634055291E-06,3.30083640120558E-11
5.71140556019006E-06,3.26682597449106E-11
8.78009065403617E-06,2.30658253866412E-11
2.38009339976235E-06,6.83337099613849E-11
3.82014634055291E-06,8.06670174853753E-11
5.71140556019006E-06,5.68873888546352E-11
2.38009339976235E-06,4.59601037086722E-11
3.82014634055291E-06,4.44784864192049E-11
5.71140556019006E-06,3.28691898611616E-11
8.78009065403617E-06,1.93724255261407E-11
2.38009339976235E-06,1.2434576541664E-10
3.82014634055291E-06,8.32296369054572E-11
5.71140556019006E-06,1.04920173479507E-10
8.78009065403617E-06,8.04353581656227E-11
2.38009339976235E-06,5.28906616528076E-11
3.82014634055291E-06,5.24964577562544E-11
5.71140556019006E-06,3.5364864627991E-11
8.78009065403617E-06,3.83666605789731E-11
0.000003,2.26935793247015E-11
0.000003,6.39382874845579E-11
1.00083849231215E-06,2.01705156084637E-10
1.00083849231215E-06,2.0666788737599E-10
1.00083849231215E-06,6.31594006316596E-11
1.00083849231215E-06,2.21047190798597E-11
1.00083849231215E-06,3.85253861092644E-11
1.00083849231215E-06,5.07432173502888E-11
3.16215387856324E-07,1.61853837188204E-10
3.16215387856324E-07,1.24414786891775E-10
3.16215387856324E-07,2.52163950679086E-11
3.16215387856324E-07,5.05783898994268E-11
3.16215387856324E-07,2.75526896247581E-10
3.16215387856324E-07,9.13789156111113E-11
3.16215387856324E-07,2.19478508389302E-10
3.16215387856324E-07,8.60339771925475E-11
3.16215387856324E-07,2.00118389897188E-10
3.16215387856324E-07,1.23281809436284E-10
3.16215387856324E-07,4.41483015206812E-10
3.16215387856324E-07,5.03282697593392E-11
3.16215387856324E-07,1.74047985117735E-10
3.16215387856324E-07,1.38608862665753E-10
3.16215387856324E-07,2.81193320378997E-10
3.16215387856324E-07,2.32410101310029E-10
3.16215387856324E-07,1.49282878283627E-10
3.16215387856324E-07,9.62075156318853E-11
3.16215387856324E-07,2.12653238020683E-10
3.16215387856324E-07,1.00663030299834E-10
3.16215387856324E-07,1.54310329992225E-10
3.46406474029894E-06,3.56912698601902E-11
3.46406474029894E-06,1.49832836062786E-10
4.47069456335664E-06,2.37874013383324E-11
0.000001414,4.16567131770474E-11
0.000001732,4.48325044228552E-11
0.000000548,5.085000500442E-11
6.10015682287623E-09,7.48583068519032E-11
6.10015682287623E-09,1.13749893836622E-10
6.10015682287623E-09,1.33710342113399E-10
6.10015682287623E-09,2.03956241404935E-10
6.10015682287623E-09,9.71697308989603E-11
6.10015682287623E-09,3.22443777228056E-10
6.10015682287623E-09,8.71432995864063E-11
6.10015682287623E-09,1.24074347515666E-10
6.10015682287623E-09,1.9409931378738E-10
6.10015682287623E-09,1.33319292415025E-10
6.10015682287623E-09,8.35145220484059E-11
6.10015682287623E-09,1.34189025810591E-10
6.10015682287623E-09,2.70997946500308E-10
6.10015682287623E-09,1.56588549066059E-10
6.10015682287623E-09,1.52117437192757E-10
6.10015682287623E-09,3.19641382211847E-10
6.10015682287623E-09,8.88028696173876E-11
6.10015682287623E-09,2.04341228484754E-10
6.10015682287623E-09,1.96371293122399E-10
6.10015682287623E-09,1.71056270903737E-10
6.10015682287623E-09,2.48484898545301E-10
6.10015682287623E-09,1.13420093246937E-10
6.10015682287623E-09,7.87586022510825E-11
6.10015682287623E-09,2.10523702795705E-10
6.10015682287623E-09,1.95391199940393E-10
6.10015682287623E-09,1.69243500749779E-10
6.10015682287623E-09,1.20743288529998E-10
6.10015682287623E-09,1.51306992859449E-10
6.10015682287623E-09,2.55558305591217E-10
6.10015682287623E-09,2.86896334787395E-10
6.10015682287623E-09,7.09634955479421E-11
5.56251250088957E-09,7.73656181690958E-11
5.56251250088957E-09,1.17829490560626E-10
5.56251250088957E-09,4.79677115962919E-10
5.56251250088957E-09,1.40625798024329E-10
5.56251250088957E-09,2.05673813211755E-10
5.56251250088957E-09,9.83261421845897E-11
5.56251250088957E-09,2.86796601039849E-10
5.56251250088957E-09,4.31427674445132E-10
5.56251250088957E-09,9.42490540469867E-11
5.56251250088957E-09,1.2670244627682E-10
5.56251250088957E-09,1.95998162578245E-10
5.56251250088957E-09,1.32396041391043E-10
5.56251250088957E-09,5.9532346384351E-10
5.56251250088957E-09,8.61640293524558E-11
5.56251250088957E-09,4.73606877080989E-10
5.56251250088957E-09,6.04125266877112E-10
5.56251250088957E-09,3.90644757140104E-10
5.56251250088957E-09,4.35325392236074E-10
5.56251250088957E-09,1.40458491546119E-10
5.56251250088957E-09,2.56651614150927E-10
5.56251250088957E-09,1.63147341005813E-10
5.56251250088957E-09,1.52636359777414E-10
5.56251250088957E-09,3.70021534621675E-10
5.56251250088957E-09,4.34924627319964E-10
5.56251250088957E-09,2.99367740852633E-10
5.56251250088957E-09,2.47453157627573E-10
5.56251250088957E-09,8.81836356446134E-11
5.56251250088957E-09,2.05484940985396E-10
5.56251250088957E-09,1.95950330356359E-10
5.56251250088957E-09,4.94355078484349E-10
5.56251250088957E-09,1.76527755778496E-10
5.56251250088957E-09,2.4039033351684E-10
5.56251250088957E-09,1.15251609747078E-10
5.56251250088957E-09,8.39761577458357E-11
5.56251250088957E-09,2.11663025686628E-10
5.56251250088957E-09,4.37353896377639E-10
5.56251250088957E-09,1.94282194334682E-10
5.56251250088957E-09,4.18586290247146E-10
5.56251250088957E-09,3.70504084433524E-10
5.56251250088957E-09,1.71304984533751E-10
5.56251250088957E-09,4.94300443361205E-10
5.56251250088957E-09,1.2379183481464E-10
5.56251250088957E-09,1.49571896384156E-10
5.56251250088957E-09,2.86713406038075E-10
5.56251250088957E-09,4.11046542966131E-10
5.56251250088957E-09,4.59488874102661E-10
5.56251250088957E-09,4.68681703751349E-10
5.56251250088957E-09,7.15105305228633E-11
4.78500063779297E-09,6.98809821188384E-11
4.78500063779297E-09,1.08237561645725E-10
4.78500063779297E-09,2.70140687004922E-10
4.78500063779297E-09,1.25798945301765E-10
4.78500063779297E-09,1.92791552229524E-10
4.78500063779297E-09,9.05878599510936E-11
4.78500063779297E-09,1.6447655461722E-10
4.78500063779297E-09,2.05818306287904E-10
4.78500063779297E-09,2.8595915166174E-10
4.78500063779297E-09,2.91978585309561E-10
4.78500063779297E-09,8.05801367350814E-11
4.78500063779297E-09,1.1709948902761E-10
4.78500063779297E-09,1.76981552313381E-10
4.78500063779297E-09,1.24510219860235E-10
4.78500063779297E-09,2.93194622080605E-10
4.78500063779297E-09,7.59794245520012E-11
4.78500063779297E-09,2.77187728804388E-10
4.78500063779297E-09,3.26901565214234E-10
4.78500063779297E-09,2.60960033831976E-10
4.78500063779297E-09,1.34273095143216E-10
4.78500063779297E-09,2.55312454020531E-10
4.78500063779297E-09,1.47473164669304E-10
4.78500063779297E-09,1.38164032435369E-10
4.78500063779297E-09,2.50854560010731E-10
4.78500063779297E-09,2.70657458853454E-10
4.78500063779297E-09,2.762682648262E-10
4.78500063779297E-09,8.17276478588229E-11
4.78500063779297E-09,2.77210706696692E-10
4.78500063779297E-09,1.8732036700642E-10
4.78500063779297E-09,1.90859156440482E-10
4.78500063779297E-09,2.6862844617301E-10
4.78500063779297E-09,1.51741719124526E-10
4.78500063779297E-09,2.32682113536811E-10
4.78500063779297E-09,1.06075967114256E-10
4.78500063779297E-09,2.12499542805884E-10
4.78500063779297E-09,7.4056639330682E-11
4.78500063779297E-09,2.75203529849048E-10
4.78500063779297E-09,1.92871030100112E-10
4.78500063779297E-09,2.78942057518593E-10
4.78500063779297E-09,1.73382395902524E-10
4.78500063779297E-09,2.72709960205556E-10
4.78500063779297E-09,2.61934075323731E-10
4.78500063779297E-09,1.54944084403077E-10
4.78500063779297E-09,1.06254908098238E-10
4.78500063779297E-09,2.74135954826334E-10
4.78500063779297E-09,1.15569703746492E-10
4.78500063779297E-09,1.38035565882922E-10
4.78500063779297E-09,2.31681843379337E-10
4.78500063779297E-09,2.11859039987222E-10
4.78500063779297E-09,2.9370206497997E-10
4.78500063779297E-09,2.52844784647086E-10
4.78500063779297E-09,2.82192846286097E-10
4.78500063779297E-09,2.97657616629533E-10
4.78500063779297E-09,6.5493017438768E-11
3.54140013901775E-09,6.85560836466676E-11
3.54140013901775E-09,1.00307637086024E-10
3.54140013901775E-09,1.18209396468802E-10
3.54140013901775E-09,1.62605039035589E-10
3.54140013901775E-09,8.22155563510447E-11
3.54140013901775E-09,1.3879665508117E-10
3.54140013901775E-09,7.58090405182964E-11
3.54140013901775E-09,1.07589775177135E-10
3.54140013901775E-09,1.59562929076563E-10
3.54140013901775E-09,1.10122991366527E-10
3.54140013901775E-09,7.16463384015289E-11
3.54140013901775E-09,1.17890280220275E-10
3.54140013901775E-09,1.32365559585398E-10
3.54140013901775E-09,1.28734218230342E-10
3.54140013901775E-09,7.90669525028115E-11
3.54140013901775E-09,1.61071610104363E-10
3.54140013901775E-09,1.62349890483601E-10
3.54140013901775E-09,1.40408047456407E-10
3.54140013901775E-09,1.01451155993132E-10
3.54140013901775E-09,7.24447636697189E-11
3.54140013901775E-09,1.60012164501483E-10
3.54140013901775E-09,1.51574798651319E-10
3.54140013901775E-09,1.34762481677288E-10
3.54140013901775E-09,1.07407102285817E-10
3.54140013901775E-09,1.22968535269281E-10
3.54140013901775E-09,6.34021521483708E-11
2.86397353178467E-09,6.21197930183203E-11
2.86397353178467E-09,9.38689586546037E-11
2.86397353178467E-09,1.06220905665452E-10
2.86397353178467E-09,1.44313181113009E-10
2.86397353178467E-09,7.7194258519747E-11
2.86397353178467E-09,1.82266561251969E-10
2.86397353178467E-09,7.06127296208358E-11
2.86397353178467E-09,9.90701909359005E-11
2.86397353178467E-09,1.38247090479986E-10
2.86397353178467E-09,1.00302786899022E-10
2.86397353178467E-09,6.47665852592E-11
2.86397353178467E-09,1.12302907446988E-10
2.86397353178467E-09,1.87843425757558E-10
2.86397353178467E-09,1.24867092674414E-10
2.86397353178467E-09,1.21346149484752E-10
2.86397353178467E-09,7.06236241130244E-11
2.86397353178467E-09,1.76115670281855E-10
2.86397353178467E-09,1.45786396048838E-10
2.86397353178467E-09,1.43191421346295E-10
2.86397353178467E-09,1.26661608816429E-10
2.86397353178467E-09,1.68995834491362E-10
2.86397353178467E-09,9.56594765330529E-11
2.86397353178467E-09,1.91370503715938E-10
2.86397353178467E-09,6.6363456820345E-11
2.86397353178467E-09,1.53293944691112E-10
2.86397353178467E-09,1.38766297246262E-10
2.86397353178467E-09,1.22979295269631E-10
2.86397353178467E-09,1.00895779511265E-10
2.86397353178467E-09,1.16784175781672E-10
2.86397353178467E-09,1.79779844313685E-10
2.86397353178467E-09,6.22870840511199E-11
2.29531344178068E-09,5.81449498129849E-11
2.29531344178068E-09,8.50671729359621E-11
2.29531344178068E-09,2.13085059431109E-10
2.29531344178068E-09,9.73486649643616E-11
2.29531344178068E-09,1.3625642812472E-10
2.29531344178068E-09,6.89779050285337E-11
2.29531344178068E-09,1.85657714559892E-10
2.29531344178068E-09,1.87827422996787E-10
2.29531344178068E-09,6.53210263610957E-11
2.29531344178068E-09,2.14811733590635E-10
2.29531344178068E-09,8.75396891263812E-11
2.29531344178068E-09,1.31414715746356E-10
2.29531344178068E-09,9.18675215690735E-11
2.29531344178068E-09,2.40315620037955E-10
2.29531344178068E-09,6.07460439470184E-11
2.29531344178068E-09,1.88293791275746E-10
2.29531344178068E-09,2.04256083363809E-10
2.29531344178068E-09,1.8974616192492E-10
2.29531344178068E-09,2.03073848822072E-10
2.29531344178068E-09,1.04937569230628E-10
2.29531344178068E-09,1.71864429195857E-10
2.29531344178068E-09,1.15842787683192E-10
2.29531344178068E-09,1.1689636322745E-10
2.29531344178068E-09,1.86476882463136E-10
2.29531344178068E-09,2.05786556488055E-10
2.29531344178068E-09,1.94795535902103E-10
2.29531344178068E-09,2.08209719942057E-10
2.29531344178068E-09,2.31610903110269E-10
2.29531344178068E-09,6.3318409900819E-11
2.29531344178068E-09,1.54339823761719E-10
2.29531344178068E-09,1.36841554795333E-10
2.29531344178068E-09,1.32581827191057E-10
2.29531344178068E-09,2.01224102950754E-10
2.29531344178068E-09,1.20633242117372E-10
2.29531344178068E-09,1.60263270070793E-10
2.29531344178068E-09,8.61376461912333E-11
2.29531344178068E-09,6.3140933735327E-11
2.29531344178068E-09,1.38696339741914E-10
2.29531344178068E-09,2.12074767718797E-10
2.29531344178068E-09,1.35112335159422E-10
2.29531344178068E-09,2.04377461202799E-10
2.29531344178068E-09,1.93865709987001E-10
2.29531344178068E-09,1.12468784097657E-10
2.29531344178068E-09,2.23485319454997E-10
2.29531344178068E-09,9.53261383142031E-11
2.29531344178068E-09,9.96937655228767E-11
2.29531344178068E-09,1.96687608577033E-10
2.29531344178068E-09,2.17352680253408E-10
2.29531344178068E-09,1.86998447091656E-10
2.29531344178068E-09,2.2359289547658E-10
2.29531344178068E-09,5.69701023904165E-11
4.70642345780629E-09,2.06235298686174E-10
2.29531344178068E-09,1.92450923742664E-10
3.54140013901775E-09,2.12740413971737E-10
6.10843560621123E-09,2.16057327587062E-10
5.55837700378552E-09,2.2882844006639E-10
2.86397353178467E-09,2.00547383405404E-10
4.70642345780629E-09,5.27675584649576E-11
2.29531344178068E-09,5.06201001431593E-11
6.10843560621123E-09,5.57909812711904E-11
2.86397353178467E-09,1.13296371212736E-10
3.54140013901775E-09,1.20182435291148E-10
2.29531344178068E-09,1.00998285159597E-10
3.54140013901775E-09,1.16911437373405E-10
5.55837700378552E-09,1.31676113623252E-10
2.86397353178467E-09,1.40027714366017E-10
2.86397353178467E-09,6.57992585722417E-11
3.54140013901775E-09,4.48592491369276E-11
4.70642345780629E-09,1.18676300614648E-10
4.70642345780629E-09,1.57897407705797E-10
4.70642345780629E-09,6.7045865270259E-11
4.70642345780629E-09,1.12297994401449E-10
4.70642345780629E-09,4.26948016237193E-11
6.10843560621123E-09,4.77054503455796E-11
5.55837700378552E-09,4.91479038528233E-11
2.86397353178467E-09,5.03753411184543E-11
2.29531344178068E-09,4.13354814133104E-11
3.54140013901775E-09,5.39326798009699E-11
3.54140013901775E-09,2.24831418227794E-10
5.55837700378552E-09,1.30469500590119E-10
2.86397353178467E-09,1.11225918288832E-10
2.29531344178068E-09,1.04788590801973E-10
3.54140013901775E-09,1.224173573344E-10
2.29531344178068E-09,8.63636522464318E-11
5.55837700378552E-09,1.36619911603662E-10
3.54140013901775E-09,1.24695275763349E-10
2.29531344178068E-09,1.29517961386104E-10
4.70642345780629E-09,1.0724350514088E-10
4.70642345780629E-09,1.20884327839373E-10
6.10843560621123E-09,1.28993551475509E-10
4.70642345780629E-09,1.40073828836711E-10
2.86397353178467E-09,1.14342320057621E-10
2.86397353178467E-09,9.08311891600549E-11
5.55837700378552E-09,1.2808698410104E-10
3.54140013901775E-09,2.24831418227794E-10
6.10843560621123E-09,1.27810637191897E-10
6.10843560621123E-09,1.17644058922344E-10
3.54140013901775E-09,9.72420263082966E-11
5.55837700378552E-09,1.01744045065107E-10
4.70642345780629E-09,1.05285848144408E-10
6.10843560621123E-09,1.09286873057407E-10
2.86397353178467E-09,1.31288292485712E-10
2.29531344178068E-09,1.1384553438684E-10
5.55837700378552E-09,1.58308050220137E-10
2.86397353178467E-09,1.14342320057621E-10
4.70642345780629E-09,1.14385506610399E-10
5.55837700378552E-09,1.2808698410104E-10
3.54140013901775E-09,1.21295586841811E-10
2.29531344178068E-09,1.06736510387035E-10
6.10843560621123E-09,1.22058210932938E-10
2.86397353178467E-09,1.19736897235018E-10
6.10843560621123E-09,1.20938896056394E-10
4.70642345780629E-09,9.87117837946215E-11
2.29531344178068E-09,2.93982175904054E-11
4.70642345780629E-09,2.95376540734127E-11
2.29531344178068E-09,2.09083133410544E-10
2.86397353178467E-09,3.09183279912329E-11
5.55837700378552E-09,3.62666966755768E-11
3.54140013901775E-09,3.37170057501523E-11
2.29531344178068E-09,2.99448402121913E-11
6.10843560621123E-09,3.21043587666724E-11
4.70642345780629E-09,3.09295783864221E-11
6.10843560621123E-09,3.24011929206208E-11
3.54140013901775E-09,1.03715579914023E-10
6.10843560621123E-09,2.50363491803112E-10
6.10843560621123E-09,2.57378342664305E-10
5.55837700378552E-09,2.60326272534926E-10
4.70642345780629E-09,4.63847264792561E-11
5.55837700378552E-09,5.29064961049811E-11
3.54140013901775E-09,3.3407886383384E-11
3.54140013901775E-09,4.69735085757807E-11
2.29531344178068E-09,8.79676519801587E-11
2.29531344178068E-09,4.13354814133104E-11
6.10843560621123E-09,1.03410586198895E-10
2.86397353178467E-09,4.22880831762076E-11
2.86397353178467E-09,4.34730389219512E-11
6.10843560621123E-09,4.90418675415159E-11
5.55837700378552E-09,5.0061746876697E-11
3.54140013901775E-09,4.44473630015165E-11
2.29531344178068E-09,3.87549338555988E-11
4.70642345780629E-09,4.26948016237193E-11
6.10843560621123E-09,4.64057717936776E-11
5.55837700378552E-09,8.23199314299188E-11
5.55837700378552E-09,4.82516312293932E-11
6.10843560621123E-09,7.91717054052742E-11
4.70642345780629E-09,7.28401782662852E-11
2.29531344178068E-09,6.25613339071988E-11
5.55837700378552E-09,7.10404984542724E-11
3.54140013901775E-09,6.02350118338623E-11
2.86397353178467E-09,2.00547383405404E-10
2.86397353178467E-09,4.11358049454517E-11
2.86397353178467E-09,9.16691068595415E-11
5.55837700378552E-09,1.11560127001299E-10
2.29531344178068E-09,8.71629659817496E-11
4.70642345780629E-09,9.2548631222572E-11
6.10843560621123E-09,1.04367672887288E-10
3.54140013901775E-09,9.72420263082966E-11
2.29531344178068E-09,5.86598570094366E-11
6.10843560621123E-09,2.69503245774847E-10
2.29531344178068E-09,2.01524568535259E-10
4.70642345780629E-09,2.43430504979587E-10
3.54140013901775E-09,7.04448096577766E-11
5.55837700378552E-09,2.60326272534926E-10
2.86397353178467E-09,7.08311022178834E-11
5.55837700378552E-09,7.71800401214357E-11
6.10843560621123E-09,7.22056197592953E-11
3.54140013901775E-09,7.51365067573925E-11
2.29531344178068E-09,6.43149594269961E-11
4.70642345780629E-09,6.28596559988664E-11
4.70642345780629E-09,2.28224886621859E-10
2.29531344178068E-09,2.11020185270228E-10
4.70642345780629E-09,2.54903031230573E-10
2.29531344178068E-09,2.01524568535259E-10
6.10843560621123E-09,6.64608666222073E-11
4.70642345780629E-09,1.12297994401449E-10
5.55837700378552E-09,1.01744045065107E-10
5.55837700378552E-09,2.93436409515365E-10
2.29531344178068E-09,2.35682860177528E-10
4.70642345780629E-09,2.52558506093234E-10
2.29531344178068E-09,6.67290589141079E-11
2.86397353178467E-09,6.8268128927301E-11
5.55837700378552E-09,8.78025239077266E-11
3.54140013901775E-09,7.44471368584968E-11
2.29531344178068E-09,6.49143929313716E-11
4.70642345780629E-09,7.41947199648905E-11
6.10843560621123E-09,7.99042721758863E-11
3.54140013901775E-09,1.43165706241887E-10
2.86397353178467E-09,8.43767901518607E-11
2.29531344178068E-09,1.34379493554353E-10
4.70642345780629E-09,1.40073828836711E-10
6.10843560621123E-09,1.38857070945955E-10
5.55837700378552E-09,6.53899492046447E-11
3.54140013901775E-09,5.96827739259847E-11
2.29531344178068E-09,5.44910278544487E-11
4.70642345780629E-09,5.73281596148553E-11
4.70642345780629E-09,9.34056183847526E-11
5.55837700378552E-09,1.03634653574278E-10
3.54140013901775E-09,9.37225292061102E-11
2.29531344178068E-09,8.0225789561002E-11
2.86397353178467E-09,6.88996474994499E-11
6.10843560621123E-09,1.01523364053171E-10
5.55837700378552E-09,7.86152862333042E-11
3.54140013901775E-09,7.30881551826661E-11
4.70642345780629E-09,8.83840707076143E-11
6.10843560621123E-09,9.78520660970737E-11
2.86397353178467E-09,7.91066511938135E-11
3.54140013901775E-09,9.45875551076545E-11
3.54140013901775E-09,8.31472710597447E-11
2.29531344178068E-09,7.38437936449844E-11
4.70642345780629E-09,7.4880890416179E-11
5.55837700378552E-09,2.60326272534926E-10
4.70642345780629E-09,7.98672994688113E-11
2.86397353178467E-09,7.34902965737189E-11
5.55837700378552E-09,8.86155627911974E-11
5.55837700378552E-09,5.90890489527456E-11
2.29531344178068E-09,7.05194635646556E-11
6.10843560621123E-09,8.13899909142537E-11
3.54140013901775E-09,7.79562608260969E-11
4.70642345780629E-09,7.21722093150748E-11
6.10843560621123E-09,7.42273575155882E-11
4.70642345780629E-09,2.26141880886864E-10
3.54140013901775E-09,1.99459166555938E-10
2.86397353178467E-09,2.00547383405404E-10
3.54140013901775E-09,2.26903920607995E-10
2.86397353178467E-09,2.02403025497031E-10
6.10843560621123E-09,2.79619207180972E-10
3.54140013901775E-09,2.0886131114607E-10
3.54140013901775E-09,2.10788056694219E-10
3.54140013901775E-09,2.10788056694219E-10
6.10843560621123E-09,2.45785353813025E-10
2.29531344178068E-09,7.94932036851917E-11
5.55837700378552E-09,9.19398942742186E-11
2.29531344178068E-09,9.82455752761744E-11
4.70642345780629E-09,1.50795367492631E-10
2.86397353178467E-09,2.43344760608006E-10
2.86397353178467E-09,1.96890607961922E-10
2.86397353178467E-09,2.23981939004657E-10
3.54140013901775E-09,2.31125572542751E-10
2.86397353178467E-09,2.10000341026661E-10
3.54140013901775E-09,2.20721175291773E-10
3.54140013901775E-09,2.10788056694219E-10
2.86397353178467E-09,2.36710760105398E-10
3.54140013901775E-09,2.10788056694219E-10
2.86397353178467E-09,2.04280070939882E-10
3.54140013901775E-09,2.31125572542751E-10
3.54140013901775E-09,2.31125572542751E-10
6.10843560621123E-09,9.25914744569763E-11
6.10843560621123E-09,1.6089850172514E-10
2.29531344178068E-09,1.02879536743751E-10
3.54140013901775E-09,1.16911437373405E-10
5.55837700378552E-09,1.2808698410104E-10
2.86397353178467E-09,1.09196822225838E-10
2.86397353178467E-09,1.06225797431567E-10
5.55837700378552E-09,1.34124464181716E-10
6.10843560621123E-09,1.25478696932356E-10
4.70642345780629E-09,9.08596375438812E-11
2.29531344178068E-09,1.28330238087106E-10
4.70642345780629E-09,1.20884327839373E-10
3.54140013901775E-09,1.19086354298007E-10
2.86397353178467E-09,1.42631680783778E-10
5.55837700378552E-09,1.71987546071842E-10
3.54140013901775E-09,1.47181762739652E-10
3.54140013901775E-09,2.26903920607995E-10
4.70642345780629E-09,1.2427620991807E-10
3.54140013901775E-09,1.56977713874709E-10
6.10843560621123E-09,1.3632295766982E-10
5.55837700378552E-09,1.49802133954713E-10
2.86397353178467E-09,1.13296371212736E-10
6.10843560621123E-09,1.22058210932938E-10
2.86397353178467E-09,8.59419097324338E-11
2.86397353178467E-09,4.67971063758126E-11
6.10843560621123E-09,6.17394846455713E-11
5.55837700378552E-09,5.38901013046525E-11
3.54140013901775E-09,4.87357888433092E-11
2.29531344178068E-09,4.4496617657178E-11
6.10843560621123E-09,5.23085883625316E-11
4.70642345780629E-09,4.72463214021513E-11
6.10843560621123E-09,1.6389624362828E-10
6.10843560621123E-09,1.42747003355045E-10
3.54140013901775E-09,1.4055393215757E-10
2.86397353178467E-09,5.73082306317871E-11
5.55837700378552E-09,1.41739533807807E-10
3.54140013901775E-09,1.21295586841811E-10
2.29531344178068E-09,1.04788590801973E-10
2.86397353178467E-09,1.89764512892977E-10
2.29531344178068E-09,1.92450923742664E-10
2.86397353178467E-09,1.46627692474897E-10
5.55837700378552E-09,2.4406696461638E-10
5.55837700378552E-09,1.6729771142335E-10
4.70642345780629E-09,2.15955366125132E-10
6.10843560621123E-09,2.20074133206169E-10
2.29531344178068E-09,1.446518525466E-10
2.86397353178467E-09,7.08311022178834E-11
3.54140013901775E-09,8.16298502900895E-11
3.54140013901775E-09,1.05642336994558E-10
4.70642345780629E-09,7.69785985160768E-11
4.70642345780629E-09,6.05856818587077E-11
2.29531344178068E-09,7.24951578796021E-11
2.86397353178467E-09,8.43767901518607E-11
4.70642345780629E-09,8.59745675482615E-11
5.55837700378552E-09,9.7164361249558E-11
5.55837700378552E-09,1.29272158372833E-10
5.55837700378552E-09,8.86155627911974E-11
2.86397353178467E-09,7.6952901588948E-11
4.70642345780629E-09,1.74731015118919E-10
2.86397353178467E-09,6.16904587771617E-11
5.55837700378552E-09,6.84712095837886E-11
3.54140013901775E-09,6.30736552507955E-11
2.29531344178068E-09,5.65342975053942E-11
6.10843560621123E-09,8.21430832279659E-11
5.55837700378552E-09,1.43056633258305E-10
3.54140013901775E-09,1.23556330014297E-10
2.29531344178068E-09,1.09727882909514E-10
4.70642345780629E-09,1.26586677162551E-10
6.10843560621123E-09,1.35073452299282E-10
2.29531344178068E-09,8.17186154845247E-11
5.55837700378552E-09,1.31676113623252E-10
2.86397353178467E-09,1.15401645121749E-10
2.29531344178068E-09,9.9155771958184E-11
2.29531344178068E-09,8.79676519801587E-11
4.70642345780629E-09,1.06260046102776E-10
6.10843560621123E-09,1.12348427982181E-10
2.86397353178467E-09,9.86772414129249E-11
5.55837700378552E-09,1.22322401839753E-10
3.54140013901775E-09,1.07611825816989E-10
6.10843560621123E-09,1.11318924044639E-10
5.55837700378552E-09,9.27918856002602E-11
4.70642345780629E-09,1.04320821893901E-10
6.10843560621123E-09,6.64608666222073E-11
5.55837700378552E-09,1.18988502813882E-10
4.70642345780629E-09,7.4880890416179E-11
3.54140013901775E-09,7.58317362946186E-11
2.86397353178467E-09,6.45976917860699E-11
3.54140013901775E-09,1.11645185593995E-10
2.86397353178467E-09,7.62465153210182E-11
3.54140013901775E-09,8.08814633242349E-11
6.10843560621123E-09,1.326071679304E-10
4.70642345780629E-09,8.21048855412859E-11
2.86397353178467E-09,9.42382038482425E-11
4.70642345780629E-09,6.89237661096644E-11
5.55837700378552E-09,1.13633661310193E-10
5.55837700378552E-09,2.33074628141995E-10
2.29531344178068E-09,6.49143929313716E-11
3.54140013901775E-09,8.23851619952804E-11
5.55837700378552E-09,8.30818196800196E-11
2.29531344178068E-09,9.29678954973028E-11
2.86397353178467E-09,7.0180102794254E-11
4.70642345780629E-09,1.0724350514088E-10
2.29531344178068E-09,9.55705312196998E-11
5.55837700378552E-09,1.20090319426527E-10
6.10843560621123E-09,1.11318924044639E-10
4.70642345780629E-09,1.10248325008892E-10
6.10843560621123E-09,1.1983122527403E-10
3.54140013901775E-09,1.08605295102055E-10
6.10843560621123E-09,1.11318924044639E-10
4.70642345780629E-09,1.05285848144408E-10
2.29531344178068E-09,9.64530577100167E-11
6.10843560621123E-09,8.13899909142537E-11
4.70642345780629E-09,1.16513969919737E-10
2.29531344178068E-09,1.03828600446977E-10
2.86397353178467E-09,7.7666189841609E-11
6.10843560621123E-09,1.76434698643813E-10
6.10843560621123E-09,9.00676849454669E-11
2.86397353178467E-09,1.17548475207334E-10
2.86397353178467E-09,9.9591437268274E-11
6.10843560621123E-09,1.23188168954601E-10
2.29531344178068E-09,9.46936811998148E-11
2.29531344178068E-09,9.38281168431288E-11
5.55837700378552E-09,8.23199314299188E-11
2.29531344178068E-09,7.18348186987758E-11
3.54140013901775E-09,7.10964637503877E-11
2.86397353178467E-09,1.45284070766371E-10
5.55837700378552E-09,1.83449697516389E-10
3.54140013901775E-09,1.58433494003164E-10
4.70642345780629E-09,1.62324846178159E-10
6.10843560621123E-09,1.10298599986139E-10
2.86397353178467E-09,1.09196822225838E-10
3.54140013901775E-09,1.07611825816989E-10
2.86397353178467E-09,1.19736897235018E-10
5.55837700378552E-09,1.39159544969142E-10
3.54140013901775E-09,1.28188775784097E-10
6.10843560621123E-09,9.09006523595202E-11
2.29531344178068E-09,1.1811879287323E-10
6.10843560621123E-09,1.03410586198895E-10
3.54140013901775E-09,9.37225292061102E-11
6.10843560621123E-09,8.44440394566401E-11
4.70642345780629E-09,9.42696728663957E-11
3.54140013901775E-09,1.1477914887844E-10
5.55837700378552E-09,1.15746002288294E-10
2.86397353178467E-09,1.10207715505947E-10
5.55837700378552E-09,1.29272158372833E-10
5.55837700378552E-09,9.02628412685705E-11
4.70642345780629E-09,2.17958595149878E-10
6.10843560621123E-09,2.34724271586823E-10
6.10843560621123E-09,1.23188168954601E-10
2.29531344178068E-09,6.31439869439724E-11
2.86397353178467E-09,1.05249489979936E-10
3.54140013901775E-09,1.24695275763349E-10
3.54140013901775E-09,1.12681079776683E-10
6.10843560621123E-09,7.84451323374884E-11
3.54140013901775E-09,1.01823260607453E-10
2.86397353178467E-09,6.57992585722417E-11
5.55837700378552E-09,7.78948956752715E-11
3.54140013901775E-09,7.10964637503877E-11
2.29531344178068E-09,6.98756723926171E-11
4.70642345780629E-09,1.7312628105492E-10
4.70642345780629E-09,1.13337335918845E-10
2.86397353178467E-09,9.77700866310758E-11
2.29531344178068E-09,1.03828600446977E-10
2.86397353178467E-09,1.15401645121749E-10
5.55837700378552E-09,1.40449436144427E-10
3.54140013901775E-09,1.224173573344E-10
5.55837700378552E-09,1.17898695545073E-10
4.70642345780629E-09,1.28931192641278E-10
6.10843560621123E-09,1.4014189960436E-10
5.55837700378552E-09,2.4406696461638E-10
4.70642345780629E-09,9.17007737157404E-11
2.29531344178068E-09,1.36876849350493E-10
2.29531344178068E-09,6.19896236955689E-11
4.70642345780629E-09,7.02053162450889E-11
2.29531344178068E-09,1.12802311726516E-10
2.86397353178467E-09,1.96890607961922E-10
2.29531344178068E-09,1.90686083996914E-10
4.70642345780629E-09,1.03364640855554E-10
3.54140013901775E-09,1.13725799858211E-10
5.55837700378552E-09,2.72594444106374E-10
2.29531344178068E-09,4.78985095769941E-11
6.10843560621123E-09,1.1983122527403E-10
4.70642345780629E-09,2.22010236773989E-10
2.29531344178068E-09,1.04788590801973E-10
5.55837700378552E-09,1.20090319426527E-10
2.86397353178467E-09,1.10207715505947E-10
6.10843560621123E-09,2.43540952359704E-10
3.54140013901775E-09,5.34377298385268E-11
2.29531344178068E-09,4.40881626277595E-11
4.70642345780629E-09,4.85699884279332E-11
6.10843560621123E-09,5.37735860933595E-11
2.86397353178467E-09,5.32375425265931E-11
5.55837700378552E-09,6.30235699489795E-11
3.54140013901775E-09,5.54431631842776E-11
6.10843560621123E-09,2.28329486521755E-10
4.70642345780629E-09,2.38980243884447E-10
5.55837700378552E-09,2.5556948628594E-10
2.29531344178068E-09,1.87206532842465E-10
2.29531344178068E-09,1.99676520412758E-10
5.55837700378552E-09,7.71800401214357E-11
2.86397353178467E-09,1.15401645121749E-10
5.55837700378552E-09,1.21201501471094E-10
2.86397353178467E-09,6.4005603966155E-11
3.54140013901775E-09,1.24695275763349E-10
2.29531344178068E-09,1.09727882909514E-10
4.70642345780629E-09,1.19780466454318E-10
6.10843560621123E-09,1.28993551475509E-10
2.86397353178467E-09,1.10207715505947E-10
2.29531344178068E-09,1.09727882909514E-10
4.70642345780629E-09,1.11268183995588E-10
5.55837700378552E-09,1.36619911603662E-10
2.86397353178467E-09,3.68317199666263E-11
4.70642345780629E-09,3.42268553946413E-11
6.10843560621123E-09,3.61877848826472E-11
2.86397353178467E-09,3.26752560886389E-11
4.70642345780629E-09,3.58408251742899E-11
4.70642345780629E-09,5.32558106719786E-11
3.54140013901775E-09,3.69701318976335E-11
5.55837700378552E-09,4.05049406353572E-11
2.29531344178068E-09,3.46998022655082E-11
5.55837700378552E-09,3.83266622903031E-11
3.54140013901775E-09,3.73117827460759E-11
5.55837700378552E-09,1.11560127001299E-10
5.55837700378552E-09,3.43168961144121E-11
6.10843560621123E-09,3.55276105908678E-11
2.86397353178467E-09,3.20789393170749E-11
2.86397353178467E-09,9.51108362126332E-11
2.29531344178068E-09,3.31381302032469E-11
6.10843560621123E-09,5.78849949848699E-11
2.86397353178467E-09,4.38753910252082E-11
5.55837700378552E-09,5.0525311532629E-11
3.54140013901775E-09,4.78460401087103E-11
2.29531344178068E-09,4.17178578547245E-11
4.70642345780629E-09,4.47070485752314E-11
4.70642345780629E-09,4.07724679487751E-11
6.10843560621123E-09,4.64057717936776E-11
5.55837700378552E-09,4.73701761836315E-11
2.86397353178467E-09,4.15159518894735E-11
5.55837700378552E-09,5.74792377253103E-11
3.54140013901775E-09,4.40406783799516E-11
2.29531344178068E-09,3.94752600792105E-11
6.10843560621123E-09,4.07909669132587E-11
2.86397353178467E-09,4.81080772864247E-11
6.10843560621123E-09,2.84817716369059E-10
4.70642345780629E-09,2.47948793849232E-10
6.10843560621123E-09,2.64585475635003E-10
5.55837700378552E-09,2.65163657029522E-10
3.54140013901775E-09,1.24695275763349E-10
4.70642345780629E-09,1.44000499980244E-10
3.54140013901775E-09,1.36726280682915E-10
6.10843560621123E-09,2.41310933666403E-10
2.86397353178467E-09,1.82901808616687E-10
2.29531344178068E-09,2.12973711782344E-10
5.55837700378552E-09,2.96150861270018E-10
4.70642345780629E-09,7.02053162450889E-11
4.70642345780629E-09,2.64463657572398E-10
2.29531344178068E-09,1.72316950382948E-10
5.55837700378552E-09,2.7009528322088E-10
6.10843560621123E-09,7.49155547812607E-11
6.10843560621123E-09,2.64585475635003E-10
4.70642345780629E-09,2.22010236773989E-10
6.10843560621123E-09,2.22112499811454E-10
2.86397353178467E-09,1.96890607961922E-10
5.55837700378552E-09,2.4406696461638E-10
2.29531344178068E-09,1.92450923742664E-10
4.70642345780629E-09,2.15955366125132E-10
4.70642345780629E-09,2.13974982731621E-10
2.29531344178068E-09,1.04788590801973E-10
6.10843560621123E-09,2.3258301712705E-10
2.86397353178467E-09,1.89764512892977E-10
2.29531344178068E-09,1.70735173413286E-10
4.70642345780629E-09,2.0434593366959E-10
6.10843560621123E-09,2.45785353813025E-10
2.29531344178068E-09,1.97845419513556E-10
5.55837700378552E-09,2.5556948628594E-10
2.29531344178068E-09,1.94232544687273E-10
4.70642345780629E-09,2.24058797071939E-10
2.29531344178068E-09,6.14235622954294E-11
4.70642345780629E-09,6.52191298236013E-11
2.86397353178467E-09,2.06163605127491E-10
4.70642345780629E-09,7.69785985160768E-11
2.86397353178467E-09,1.04286717994779E-10
3.54140013901775E-09,1.17990217038972E-10
2.29531344178068E-09,1.02879536743751E-10
5.55837700378552E-09,1.2808698410104E-10
4.70642345780629E-09,1.13337335918845E-10
6.10843560621123E-09,1.17644058922344E-10
6.10843560621123E-09,7.63083389314884E-11
3.54140013901775E-09,7.10964637503877E-11
2.29531344178068E-09,1.85491921468797E-10
2.86397353178467E-09,1.95083258026092E-10
5.55837700378552E-09,2.46324154067796E-10
2.86397353178467E-09,1.02382327895249E-10
2.29531344178068E-09,9.64530577100167E-11
3.54140013901775E-09,1.07611825816989E-10
6.10843560621123E-09,7.35480224559285E-11
2.86397353178467E-09,9.9591437268274E-11
4.70642345780629E-09,1.03364640855554E-10
3.54140013901775E-09,7.37647712546695E-11
5.55837700378552E-09,8.1566156821824E-11
5.55837700378552E-09,1.15746002288294E-10
2.86397353178467E-09,6.8268128927301E-11
3.54140013901775E-09,7.79562608260969E-11
6.10843560621123E-09,8.21430832279659E-11
4.70642345780629E-09,7.41947199648905E-11
2.29531344178068E-09,6.67290589141079E-11
4.70642345780629E-09,1.19780466454318E-10
6.10843560621123E-09,1.11318924044639E-10
2.29531344178068E-09,6.14235622954294E-11
2.86397353178467E-09,2.15879796498089E-10
3.54140013901775E-09,2.24831418227794E-10
4.70642345780629E-09,4.85699884279332E-11
2.29531344178068E-09,8.79676519801587E-11
3.54140013901775E-09,9.90487502071198E-11
3.54140013901775E-09,2.31125572542751E-10
5.55837700378552E-09,1.0653860355232E-10
6.10843560621123E-09,1.326071679304E-10
3.54140013901775E-09,2.05042080569237E-10
2.86397353178467E-09,5.13116523341104E-11
6.10843560621123E-09,8.92421449339023E-11
4.70642345780629E-09,9.51415012661007E-11
2.86397353178467E-09,9.42382038482425E-11
5.55837700378552E-09,1.39159544969142E-10
3.54140013901775E-09,1.25851095407934E-10
2.86397353178467E-09,9.25139022611639E-11
2.29531344178068E-09,1.14899992410026E-10
2.86397353178467E-09,1.16468102500821E-10
5.55837700378552E-09,1.49802133954713E-10
2.86397353178467E-09,1.24224426374424E-10
5.55837700378552E-09,6.24457663866328E-11
6.10843560621123E-09,1.03410586198895E-10
4.70642345780629E-09,9.17007737157404E-11
6.10843560621123E-09,1.05333375074602E-10
6.10843560621123E-09,7.02370075238622E-11
6.10843560621123E-09,5.37735860933595E-11
2.29531344178068E-09,7.59136721614265E-11
3.54140013901775E-09,8.95094729661657E-11
5.55837700378552E-09,9.62735530311628E-11
2.86397353178467E-09,7.98408220781806E-11
4.70642345780629E-09,8.36322921763263E-11
6.10843560621123E-09,6.00574654335512E-11
4.70642345780629E-09,5.52544168796019E-11
2.29531344178068E-09,4.9240448501117E-11
3.54140013901775E-09,5.85935754521001E-11
5.55837700378552E-09,5.85475869166939E-11
2.86397353178467E-09,5.52354631596603E-11
5.55837700378552E-09,5.64297335990435E-11
2.86397353178467E-09,4.94556597697183E-11
4.70642345780629E-09,5.62821915612685E-11
6.10843560621123E-09,6.00574654335512E-11
3.54140013901775E-09,5.34377298385268E-11
2.29531344178068E-09,4.61665052271117E-11
2.29531344178068E-09,5.34964545091496E-11
3.54140013901775E-09,6.07924995159306E-11
5.55837700378552E-09,6.3606866321917E-11
2.86397353178467E-09,5.73082306317871E-11
6.10843560621123E-09,6.28884658005597E-11
4.70642345780629E-09,5.37487043818709E-11
6.10843560621123E-09,5.89617004439733E-11
4.70642345780629E-09,1.03364640855554E-10
5.55837700378552E-09,6.59946910377119E-11
4.70642345780629E-09,5.83946419659738E-11
3.54140013901775E-09,6.07924995159306E-11
2.29531344178068E-09,5.39914511082292E-11
5.55837700378552E-09,2.65163657029522E-10
2.29531344178068E-09,2.05270717337499E-10
3.54140013901775E-09,6.66573432391465E-11
2.29531344178068E-09,5.34964545091496E-11
5.55837700378552E-09,1.10536319527367E-10
6.10843560621123E-09,2.52682403950756E-10
2.86397353178467E-09,9.33727177996294E-11
4.70642345780629E-09,6.17123379758307E-11
2.29531344178068E-09,4.87892340379624E-11
6.10843560621123E-09,6.64608666222073E-11
2.86397353178467E-09,5.27493363429605E-11
2.29531344178068E-09,9.38281168431288E-11
5.55837700378552E-09,6.24457663866328E-11
3.54140013901775E-09,5.7523989720252E-11
3.54140013901775E-09,9.63513934774055E-11
2.29531344178068E-09,8.63636522464318E-11
4.70642345780629E-09,9.69112064172764E-11
2.29531344178068E-09,1.04788590801973E-10
3.54140013901775E-09,1.00889971650483E-10
5.55837700378552E-09,6.66047189405931E-11
6.10843560621123E-09,1.00592823880131E-10
3.54140013901775E-09,1.09607178924842E-10
5.55837700378552E-09,1.20090319426527E-10
4.70642345780629E-09,1.28931192641278E-10
2.86397353178467E-09,1.04286717994779E-10
6.10843560621123E-09,1.44068820303594E-10
4.70642345780629E-09,1.17595038870446E-10
2.86397353178467E-09,5.67832178584751E-11
2.86397353178467E-09,1.14342320057621E-10
3.54140013901775E-09,1.23556330014297E-10
4.70642345780629E-09,2.30341398874217E-10
6.10843560621123E-09,1.30186814345376E-10
3.54140013901775E-09,1.31776813000085E-10
2.86397353178467E-09,5.78386303392942E-11
5.55837700378552E-09,7.16974979133605E-11
4.70642345780629E-09,1.19780466454318E-10
5.55837700378552E-09,1.08519304073705E-10
6.10843560621123E-09,1.13387975187194E-10
3.54140013901775E-09,5.34377298385268E-11
4.70642345780629E-09,6.40285991184063E-11
2.86397353178467E-09,6.11247365064333E-11
6.10843560621123E-09,6.06127516197612E-11
4.70642345780629E-09,5.62821915612685E-11
3.54140013901775E-09,6.72747356626732E-11
2.29531344178068E-09,5.44910278544487E-11
4.70642345780629E-09,5.78586105447575E-11
2.29531344178068E-09,5.25196713789295E-11
2.86397353178467E-09,6.45976917860699E-11
3.54140013901775E-09,6.97991284790633E-11
3.54140013901775E-09,5.91355989656786E-11
6.10843560621123E-09,6.17394846455713E-11
2.86397353178467E-09,5.62624966386473E-11
5.55837700378552E-09,7.30306220786052E-11
5.55837700378552E-09,7.57718690431397E-11
2.29531344178068E-09,9.21132275946412E-11
4.70642345780629E-09,5.13300869583395E-11
6.10843560621123E-09,5.52799956256404E-11
2.86397353178467E-09,5.27493363429605E-11
2.29531344178068E-09,4.83419316516628E-11
4.70642345780629E-09,6.58222918783253E-11
6.10843560621123E-09,1.71620040451275E-10
2.29531344178068E-09,1.80435920701791E-10
2.86397353178467E-09,1.24224426374424E-10
5.55837700378552E-09,1.58308050220137E-10
5.55837700378552E-09,1.01744045065107E-10
2.86397353178467E-09,6.34190891168476E-11
5.55837700378552E-09,4.44125797147844E-11
2.86397353178467E-09,8.75417048254199E-11
6.10843560621123E-09,1.15496812855533E-10
3.54140013901775E-09,4.82887540670568E-11
6.10843560621123E-09,3.58569214648742E-11
6.10843560621123E-09,1.78059028700222E-10
2.86397353178467E-09,1.10207715505947E-10
6.10843560621123E-09,1.41438616635969E-10
2.29531344178068E-09,1.07724379202133E-10
4.70642345780629E-09,7.6272854482804E-11
2.29531344178068E-09,1.60074443252747E-10
6.10843560621123E-09,2.14078473827953E-10
4.70642345780629E-09,1.82971311070134E-10
6.10843560621123E-09,2.00713230034851E-10
2.86397353178467E-09,1.76288101198166E-10
5.55837700378552E-09,1.86849525798422E-10
2.86397353178467E-09,7.6952901588948E-11
5.55837700378552E-09,2.10620674870592E-10
2.29531344178068E-09,1.97845419513556E-10
2.86397353178467E-09,1.38746488345396E-10
4.70642345780629E-09,1.31332738469705E-10
2.29531344178068E-09,1.11770192780459E-10
4.70642345780629E-09,2.13974982731621E-10
6.10843560621123E-09,2.3258301712705E-10
2.86397353178467E-09,1.96890607961922E-10
6.10843560621123E-09,1.16564686503996E-10
2.29531344178068E-09,1.1811879287323E-10
2.86397353178467E-09,1.40027714366017E-10
3.54140013901775E-09,1.59897988352227E-10
3.54140013901775E-09,1.4991324329535E-10
5.55837700378552E-09,1.73586521333125E-10
2.29531344178068E-09,1.33147494952165E-10
4.70642345780629E-09,1.53595325982652E-10
6.10843560621123E-09,1.66938689544002E-10
5.55837700378552E-09,2.60326272534926E-10
4.70642345780629E-09,2.17958595149878E-10
5.55837700378552E-09,9.02628412685705E-11
5.55837700378552E-09,2.46324154067796E-10
4.70642345780629E-09,1.62324846178159E-10
2.29531344178068E-09,1.87206532842465E-10
4.70642345780629E-09,3.51863323114085E-11
6.10843560621123E-09,2.34724271586823E-10
2.86397353178467E-09,3.71724340826947E-11
6.10843560621123E-09,2.28329486521755E-10
2.29531344178068E-09,3.53446756016148E-11
6.10843560621123E-09,6.89551964354555E-11
3.54140013901775E-09,2.31125572542751E-10
5.55837700378552E-09,1.78451005757151E-10
2.29531344178068E-09,1.33147494952165E-10
6.10843560621123E-09,1.49467923129122E-10
3.54140013901775E-09,1.58433494003164E-10
2.86397353178467E-09,1.41322724037931E-10
5.55837700378552E-09,9.62735530311628E-11
2.29531344178068E-09,1.36876849350493E-10
4.70642345780629E-09,1.63827196712887E-10
6.10843560621123E-09,1.79713209365061E-10
3.54140013901775E-09,1.34225799664926E-10
2.86397353178467E-09,1.14342320057621E-10
5.55837700378552E-09,3.7975980875326E-11
5.55837700378552E-09,1.26913844486605E-10
2.86397353178467E-09,3.82133401375912E-11
2.29531344178068E-09,6.61186534049634E-11
6.10843560621123E-09,1.05333375074602E-10
4.70642345780629E-09,5.83946419659738E-11
2.29531344178068E-09,8.47877284056478E-11
3.54140013901775E-09,6.02350118338623E-11
2.29531344178068E-09,5.65342975053942E-11
5.55837700378552E-09,6.59946910377119E-11
6.10843560621123E-09,1.20938896056394E-10
4.70642345780629E-09,7.6272854482804E-11
4.70642345780629E-09,1.13337335918845E-10
3.54140013901775E-09,3.76577180955568E-11
3.54140013901775E-09,7.72413756758444E-11
4.70642345780629E-09,1.95149750333829E-10
5.55837700378552E-09,8.61993517922895E-11
2.86397353178467E-09,7.34902965737189E-11
5.55837700378552E-09,1.30469500590119E-10
4.70642345780629E-09,8.83840707076143E-11
2.86397353178467E-09,1.12257663838008E-10
4.70642345780629E-09,2.52558506093234E-10
2.29531344178068E-09,1.04788590801973E-10
5.55837700378552E-09,1.23455089883207E-10
2.86397353178467E-09,1.88026473161219E-10
3.54140013901775E-09,1.20182435291148E-10
4.70642345780629E-09,2.30341398874217E-10
6.10843560621123E-09,2.43540952359704E-10
4.70642345780629E-09,2.28224886621859E-10
5.55837700378552E-09,2.4406696461638E-10
5.55837700378552E-09,2.57934241627222E-10
6.10843560621123E-09,2.57378342664305E-10
5.55837700378552E-09,3.01646992747554E-10
4.70642345780629E-09,9.96258408730505E-11
6.10843560621123E-09,1.33834475113124E-10
2.29531344178068E-09,2.31381695959785E-10
4.70642345780629E-09,2.66910709667338E-10
6.10843560621123E-09,2.95509876224888E-10
4.70642345780629E-09,1.21999766650909E-10
2.29531344178068E-09,1.04788590801973E-10
3.54140013901775E-09,4.12902012835076E-11
6.10843560621123E-09,8.92421449339023E-11
4.70642345780629E-09,8.13525180673983E-11
3.54140013901775E-09,9.20099934954168E-11
5.55837700378552E-09,1.75185840040088E-10
2.29531344178068E-09,8.63636522464318E-11
6.10843560621123E-09,1.00592823880131E-10
2.29531344178068E-09,3.56715515844297E-11
2.86397353178467E-09,1.10207715505947E-10
6.10843560621123E-09,8.21430832279659E-11
2.86397353178467E-09,1.46627692474897E-10
6.10843560621123E-09,1.68489173529537E-10
4.70642345780629E-09,1.56451957019394E-10
2.29531344178068E-09,1.34379493554353E-10
3.54140013901775E-09,1.54117870647224E-10
4.70642345780629E-09,2.12017153762699E-10
4.70642345780629E-09,1.08236066298878E-10
3.54140013901775E-09,1.15840920533107E-10
3.54140013901775E-09,8.31472710597447E-11
5.55837700378552E-09,9.36491845263249E-11
3.54140013901775E-09,2.18700109256928E-10
6.10843560621123E-09,6.11738762207554E-11
3.54140013901775E-09,9.20099934954168E-11
2.86397353178467E-09,2.04280070939882E-10
6.10843560621123E-09,4.31096006754976E-11
3.54140013901775E-09,1.33001334933579E-10
6.10843560621123E-09,1.52259009421611E-10
5.55837700378552E-09,1.04594054889712E-10
4.70642345780629E-09,9.17007737157404E-11
2.29531344178068E-09,7.59136721614265E-11
2.86397353178467E-09,8.59419097324338E-11
2.29531344178068E-09,7.18348186987758E-11
3.54140013901775E-09,2.31125572542751E-10
2.29531344178068E-09,5.34964545091496E-11
5.55837700378552E-09,6.72214691649745E-11
3.54140013901775E-09,6.07924995159306E-11
5.55837700378552E-09,1.40449436144427E-10
2.29531344178068E-09,1.03828600446977E-10
5.55837700378552E-09,7.37065358201833E-11
4.70642345780629E-09,4.59590454503592E-11
6.10843560621123E-09,6.2311040015713E-11
5.55837700378552E-09,7.30306220786052E-11
2.86397353178467E-09,5.89142020697527E-11
3.54140013901775E-09,1.34225799664926E-10
5.55837700378552E-09,1.47060825676753E-10
2.29531344178068E-09,5.25196713789295E-11
2.29531344178068E-09,1.1384553438684E-10
5.55837700378552E-09,1.12592120893905E-10
4.70642345780629E-09,1.35009086889539E-10
2.86397353178467E-09,9.08311891600549E-11
3.54140013901775E-09,2.12740413971737E-10
3.54140013901775E-09,9.99650068306247E-11
2.29531344178068E-09,6.79721488832459E-11
3.54140013901775E-09,1.90476323546338E-10
3.54140013901775E-09,5.96827739259847E-11
2.86397353178467E-09,9.33727177996294E-11
5.55837700378552E-09,1.80103851393826E-10
5.55837700378552E-09,1.05561608699038E-10
2.86397353178467E-09,1.43954418651772E-10
2.29531344178068E-09,4.28866377975803E-11
2.86397353178467E-09,6.22611302025299E-11
2.29531344178068E-09,1.51466642956481E-10
4.70642345780629E-09,5.03933233211683E-11
5.55837700378552E-09,8.00772222950405E-11
2.29531344178068E-09,6.14235622954294E-11
3.54140013901775E-09,7.10964637503877E-11
5.55837700378552E-09,2.4406696461638E-10
4.70642345780629E-09,6.00302289887179E-11
3.54140013901775E-09,8.16298502900895E-11
5.55837700378552E-09,5.69512158164959E-11
5.55837700378552E-09,6.72214691649745E-11
2.86397353178467E-09,1.09196822225838E-10
3.54140013901775E-09,1.83591681702701E-10
6.10843560621123E-09,5.23085883625316E-11
2.29531344178068E-09,1.01936096764671E-10
5.55837700378552E-09,1.25750291366481E-10
2.86397353178467E-09,6.11247365064333E-11
2.86397353178467E-09,1.2653742720097E-10
2.29531344178068E-09,5.5502174688452E-11
6.10843560621123E-09,6.46503678071445E-11
4.70642345780629E-09,5.94804163736069E-11
3.54140013901775E-09,1.67433362849518E-10
4.70642345780629E-09,1.0724350514088E-10
3.54140013901775E-09,6.02350118338623E-11
6.10843560621123E-09,2.43540952359704E-10
5.55837700378552E-09,1.81770331812745E-10
2.86397353178467E-09,1.56392167951979E-10
3.54140013901775E-09,1.17990217038972E-10
6.10843560621123E-09,9.87572527197984E-11
2.29531344178068E-09,4.70244798061707E-11
3.54140013901775E-09,5.54431631842776E-11
2.86397353178467E-09,1.84591627969835E-10
3.54140013901775E-09,2.31125572542751E-10
2.86397353178467E-09,1.21959883263689E-10
2.86397353178467E-09,2.26059623524767E-10
5.55837700378552E-09,2.60326272534926E-10
2.86397353178467E-09,1.6835189141411E-10
2.86397353178467E-09,5.73082306317871E-11
2.29531344178068E-09,2.18939438529043E-10
6.10843560621123E-09,2.48059577691175E-10
6.10843560621123E-09,4.85929203287E-11
2.86397353178467E-09,2.21932037337815E-10
2.86397353178467E-09,5.03753411184543E-11
6.10843560621123E-09,1.16564686503996E-10
6.10843560621123E-09,1.73215200154553E-10
5.55837700378552E-09,1.56857034468053E-10
2.29531344178068E-09,2.05270717337499E-10
5.55837700378552E-09,5.33955420927753E-11
4.70642345780629E-09,1.10248325008892E-10
3.54140013901775E-09,8.54771434300435E-11
6.10843560621123E-09,8.76132922195497E-11
3.54140013901775E-09,2.16696551484879E-10
2.29531344178068E-09,7.31666212029548E-11
4.70642345780629E-09,8.13525180673983E-11
5.55837700378552E-09,2.41822663335492E-10
6.10843560621123E-09,2.26232502740212E-10
4.70642345780629E-09,1.05285848144408E-10
5.55837700378552E-09,6.59946910377119E-11
3.54140013901775E-09,1.24695275763349E-10
2.29531344178068E-09,2.16930691182159E-10
3.54140013901775E-09,2.06943123579772E-10
3.54140013901775E-09,2.31125572542751E-10
2.86397353178467E-09,2.30263446109E-10
2.29531344178068E-09,9.55705312196998E-11
5.55837700378552E-09,1.48431473919046E-10
3.54140013901775E-09,1.31776813000085E-10
3.54140013901775E-09,6.66573432391465E-11
4.70642345780629E-09,1.32550692191673E-10
2.29531344178068E-09,1.17036681728932E-10
6.10843560621123E-09,8.36702371642185E-11
4.70642345780629E-09,1.71544184628915E-10
4.70642345780629E-09,1.33768543991137E-10
2.86397353178467E-09,1.19736897235018E-10
2.29531344178068E-09,2.07168632824742E-10
6.10843560621123E-09,1.07291668725664E-10
4.70642345780629E-09,9.96258408730505E-11
2.86397353178467E-09,7.48546872193659E-11
2.86397353178467E-09,1.05249489979936E-10
3.54140013901775E-09,1.04674766313122E-10
5.55837700378552E-09,1.15746002288294E-10
6.10843560621123E-09,1.11318924044639E-10
6.10843560621123E-09,1.42747003355045E-10
6.10843560621123E-09,7.08869025528479E-11
3.54140013901775E-09,1.12681079776683E-10
2.29531344178068E-09,1.00076935922616E-10
6.10843560621123E-09,9.17423794718162E-11
3.54140013901775E-09,1.16911437373405E-10
4.70642345780629E-09,5.78586105447575E-11
2.29531344178068E-09,5.97475360549449E-11
2.29531344178068E-09,1.87206532842465E-10
2.29531344178068E-09,8.55700922132317E-11
6.10843560621123E-09,6.2311040015713E-11
3.54140013901775E-09,1.00889971650483E-10
4.70642345780629E-09,3.8580335499119E-11
2.86397353178467E-09,7.98408220781806E-11
2.86397353178467E-09,4.46911983509526E-11
4.70642345780629E-09,9.17007737157404E-11
4.70642345780629E-09,2.34621064015244E-10
3.54140013901775E-09,2.31125572542751E-10
2.86397353178467E-09,2.26059623524767E-10
4.70642345780629E-09,2.12017153762699E-10
2.86397353178467E-09,5.78386303392942E-11
4.70642345780629E-09,6.58222918783253E-11
4.70642345780629E-09,1.56451957019394E-10
2.86397353178467E-09,1.08199436753753E-10
3.54140013901775E-09,1.54117870647224E-10
2.29531344178068E-09,1.35622579416365E-10
2.86397353178467E-09,2.02403025497031E-10
5.55837700378552E-09,1.17898695545073E-10
5.55837700378552E-09,2.53231075797783E-10
6.10843560621123E-09,2.45785353813025E-10
3.54140013901775E-09,2.26903920607995E-10
3.54140013901775E-09,2.10788056694219E-10
2.86397353178467E-09,1.95083258026092E-10
2.29531344178068E-09,2.11020185270228E-10
2.29531344178068E-09,1.83793437298788E-10
4.70642345780629E-09,2.24058797071939E-10
6.10843560621123E-09,2.41310933666403E-10
4.70642345780629E-09,2.26141880886864E-10
5.55837700378552E-09,2.57934241627222E-10
2.86397353178467E-09,2.11946378385447E-10
5.78170594670954E-10,8.96633580656246E-11
0.000000001,1.21445939805154E-10
1.56742944152609E-09,1.35771932642198E-10
5.63696060916649E-11,1.39390443534682E-11
1.03309676116092E-10,1.62446739889106E-11
2.69523724840047E-10,3.50102329121297E-11
3.6464477925523E-10,4.11933393887362E-11
5.63696060916649E-11,1.40162875936244E-11
1.03309676116092E-10,1.62896217509426E-11
2.69523724840047E-10,4.66224401377245E-11
3.6464477925523E-10,5.67579890638571E-11
6.89007580395085E-11,4.44629219871166E-11
1.37760274664285E-10,7.29509580890612E-11
8.9744739234893E-13,5.8461909997186E-13
5.91405010998034E-13,4.48453068518358E-13
4.13569973438092E-13,3.57185647775021E-13
1.17453780491571E-13,1.43670631270091E-13
8.9744739234893E-13,4.97334972716644E-13
5.91405010998034E-13,3.97485234108026E-13
4.13569973438092E-13,3.18210861977041E-13
3.30855988660325E-14,3.01599765829864E-14
2.06784984654494E-14,1.84499842603773E-14
8.27139955134394E-14,6.99999935504641E-14
1.93881780775649E-09,6.91022200188364E-11
2.81972009907439E-09,2.41589469412531E-10
0.000000001,1.06722010947986E-10
7.46493447554138E-10,9.21488670429914E-11
5.74862527476527E-10,8.18971898486144E-11
5.78997915247388E-15,5.93600147245618E-15
2.06784984654494E-14,2.03499806215194E-14
2.06784984654494E-14,2.03499806215194E-14
5.78997915247388E-15,6.84600165829086E-15
5.7320767925344E-10,8.27143764263427E-11
7.51870421388597E-10,9.52370643587714E-11
0.000000001,1.05252640523876E-10
0.000000012,2.89000104637217E-11
0.000000012,1.3200002090938E-10
8.06462169883465E-09,1.73999900525653E-10
8.06462169883465E-09,1.19999932014548E-10
8.06462169883465E-09,2.00000001996811E-10
8.06462169883465E-09,1.40999963424803E-10
5.33505621615617E-09,1.81999837406978E-10
5.33505621615617E-09,9.21000784234801E-11
5.33505621615617E-09,2.05000065585855E-10
5.33505621615617E-09,1E-10
2.80400639644566E-09,9.74000096709106E-11
2.24154777710778E-09,1.6599996634853E-10
0.000000002,7.63000811754761E-11
1.93550813049063E-09,1.44999999253798E-10
1.93550813049063E-09,9.35000837759572E-11
1.93550813049063E-09,1.2900008605085E-10
1.56742944152609E-09,1.30999910818826E-10
0.000000001,7.94999764487269E-11
0.000000001,1.16000002877489E-10
0.000000001,7.72999120876123E-11
0.000000001,1.04999927693457E-10
0.000000001,7.99000406010606E-11
7.60969061248015E-10,1.22999968438364E-10
7.56832895020974E-10,2.09999857483563E-10
7.56832895020974E-10,9.60999142173522E-11
7.56832895020974E-10,6.89999855838141E-11
7.56832895020974E-10,6.11999405120331E-11
7.52696679221415E-10,9.30000110166825E-11
7.52696679221415E-10,6.80999824514011E-11
5.70726449800699E-10,8.13000850649112E-11
5.66591428308469E-10,8.11000272245623E-11
5.66591428308469E-10,5.71999962077323E-11
5.66591428308469E-10,5.3600025955822E-11
5.6245528254563E-10,5.18999572356359E-11
3.54429612565668E-10,5.24999633225661E-11
1.03392491294971E-10,2.39999866425267E-11
5.25234203741144E-11,1.24000089892685E-11
5.25234203741144E-11,1.24000089892685E-11
4.96283686958295E-11,1.20999896825142E-11
2.06784984654494E-11,4.65000050440827E-12
3.9289183184813E-13,8.57999431321101E-13
3.9289183184813E-13,2.94999989146632E-13
1.7866233268183E-13,4.05999968610376E-14
1.32342398106757E-13,2.28999745666184E-13
9.30533472745393E-14,9.00001016602502E-14
8.27139955134394E-14,6.99999935504641E-14
8.27139955134394E-14,6.99999935504641E-14
8.23004102342573E-14,6.97000356130997E-14
6.36898168491272E-14,2.00000001996811E-14
6.20354590116913E-14,6.75000353076323E-14
6.20354590116913E-14,2.06999835343168E-14
6.20354590116913E-14,3.08000201056875E-14
6.20354590116913E-14,2.4700002658303E-14
6.0381236172671E-14,8.00000023961727E-14
4.34248173071847E-14,5.8799955851915E-14
3.55669807606138E-14,3.23999992385484E-14
3.55669807606138E-14,3.23999992385484E-14
3.47398548862812E-14,2.98999870343754E-14
3.47398548862812E-14,4.28000227639063E-14
3.47398548862812E-14,3.70000235082987E-14
3.47398548862812E-14,1.70999956533972E-14
3.47398548862812E-14,1.36000028694014E-14
3.47398548862812E-14,1.85000115694443E-14
3.45331344892291E-14,4.68000158328795E-14
3.30855988660325E-14,3.02000039666499E-14
2.06784984654494E-14,1.84000074986566E-14
2.06784984654494E-14,1.55000107723268E-14
2.00581557845579E-14,2.87000068242515E-14
2.00581557845579E-14,1.96999897411033E-14
1.98513478747256E-14,1.76999891442265E-14
1.98513478747256E-14,2.10999778795802E-14
1.98513478747256E-14,1.76999891442265E-14
1.11663953466708E-14,9.18000673868489E-15
1.09182491372724E-14,1.63000148475716E-14
5.78997915247388E-15,6.85999817232719E-15
5.78997915247388E-15,5.74000142215878E-15
3.48639829087863E-15,4.03999660358056E-15
3.48639829087863E-15,3.68999688891658E-15
1.50953087417431E-15,1.41999887398121E-15
3.05214386114451E-16,6.93999248216347E-16
2.25395893838663E-09,1.94759208092878E-10
2.25395893838663E-09,1.92973644940442E-10
2.25395893838663E-09,1.98380052107646E-10
2.25395893838663E-09,2.03937926789838E-10
2.25395893838663E-09,2.02068212638575E-10
2.25395893838663E-09,2.00215640129685E-10
2.25395893838663E-09,1.89451478977347E-10
2.25395893838663E-09,1.92973644940442E-10
2.25395893838663E-09,2.84117510085825E-10
2.25395893838663E-09,2.6637778295885E-10
2.25395893838663E-09,2.893996489688E-10
2.25395893838663E-09,2.81512705096429E-10
2.25395893838663E-09,2.54388807806529E-10
2.25395893838663E-09,2.27770775260133E-10
2.25395893838663E-09,2.47456006553733E-10
2.25395893838663E-09,2.45187316249033E-10
2.25395893838663E-09,2.63935616765341E-10
2.25395893838663E-09,2.68842546237928E-10
2.25395893838663E-09,2.54388807806529E-10
2.25395893838663E-09,2.56742638464346E-10
2.25395893838663E-09,1.84288400215655E-10
2.25395893838663E-09,1.79266029684077E-10
2.25395893838663E-09,2.13549225171955E-10
2.25395893838663E-09,2.19532083929049E-10
2.25395893838663E-09,3.35349760104288E-10
2.25395893838663E-09,3.35349760104288E-10
2.25395893838663E-09,3.47934905345953E-10
2.25395893838663E-09,3.35349760104288E-10
2.25395893838663E-09,3.11528654951599E-10
2.25395893838663E-09,3.0303863423114E-10
2.25395893838663E-09,3.00260359332888E-10
2.25395893838663E-09,2.97507555812006E-10
2.25395893838663E-09,4.10674748643358E-10
2.25395893838663E-09,4.22180334834366E-10
2.25395893838663E-09,4.03179089730867E-10
2.25395893838663E-09,3.95820242011948E-10
2.25395893838663E-09,2.61515840486075E-10
2.25395893838663E-09,2.59118248849085E-10
2.25395893838663E-09,2.6637778295885E-10
2.25395893838663E-09,2.59118248849085E-10
2.25395893838663E-09,1.89451478977347E-10
2.25395893838663E-09,1.89451478977347E-10
2.25395893838663E-09,1.89451478977347E-10
2.25395893838663E-09,1.91204451929384E-10
2.25395893838663E-09,1.66532115868002E-10
2.25395893838663E-09,1.49106988880631E-10
2.25395893838663E-09,1.57578876595177E-10
2.25395893838663E-09,1.650053402526E-10
2.25395893838663E-09,2.17519401685782E-10
2.25395893838663E-09,2.13549225171955E-10
2.25395893838663E-09,2.25682560240732E-10
2.25395893838663E-09,2.11591394107471E-10
2.25395893838663E-09,2.893996489688E-10
2.25395893838663E-09,2.97507555812006E-10
2.25395893838663E-09,2.68842546237928E-10
2.25395893838663E-09,2.84117510085825E-10
2.25395893838663E-09,4.03179089730867E-10
2.25395893838663E-09,4.18309762259415E-10
2.25395893838663E-09,3.88595708400903E-10
2.25395893838663E-09,3.81503037388979E-10
2.25395893838663E-09,4.84727880364844E-10
2.25395893838663E-09,4.84727880364844E-10
2.25395893838663E-09,4.84727880364844E-10
2.25395893838663E-09,4.84727880364844E-10
2.25395893838663E-09,3.95820242011948E-10
2.25395893838663E-09,3.99482721618129E-10
2.25395893838663E-09,3.95820242011948E-10
2.25395893838663E-09,3.92191340220624E-10
2.25395893838663E-09,3.81503037388979E-10
2.25395893838663E-09,3.60992351151376E-10
2.25395893838663E-09,3.81503037388979E-10
2.25395893838663E-09,3.81503037388979E-10
2.25395893838663E-09,2.02068212638575E-10
2.25395893838663E-09,2.81512705096429E-10
2.25395893838663E-09,3.00260359332888E-10
2.25395893838663E-09,2.92077430951341E-10
2.25395893838663E-09,3.4474501896001E-10
2.25395893838663E-09,3.0303863423114E-10
2.25395893838663E-09,3.54403498188811E-10
2.25395893838663E-09,3.5768275338273E-10
2.25395893838663E-09,1.75994055895702E-10
2.25395893838663E-09,1.69628179057576E-10
2.25395893838663E-09,1.77622508845078E-10
2.25395893838663E-09,1.72781802359349E-10
2.25395893838663E-09,3.5115430738722E-10
2.25395893838663E-09,3.38452713230376E-10
2.25395893838663E-09,3.47934905345953E-10
2.25395893838663E-09,3.5115430738722E-10
2.25395893838663E-09,2.40712143382079E-10
2.25395893838663E-09,2.49745688791366E-10
2.25395893838663E-09,1.24021791369118E-09
2.25395893838663E-09,2.38505281186571E-10
2.25395893838663E-09,3.81503037388979E-10
2.25395893838663E-09,3.85033041531848E-10
2.25395893838663E-09,3.74539822212507E-10
2.25395893838663E-09,3.64332572251134E-10
2.25395893838663E-09,2.07729415925741E-10
2.25395893838663E-09,2.09651512546078E-10
2.25395893838663E-09,2.00215640129685E-10
2.25395893838663E-09,2.02068212638575E-10
2.25395893838663E-09,1.51879094772491E-10
2.25395893838663E-09,1.46385479623463E-10
2.25395893838663E-09,1.50486658861981E-10
2.25395893838663E-09,1.53284414733852E-10
2.25395893838663E-09,8.04448043923454E-11
2.25395893838663E-09,8.19403849677411E-11
2.25395893838663E-09,8.04448043923454E-11
2.25395893838663E-09,8.11891510028488E-11
2.25395893838663E-09,3.67703700036199E-10
2.25395893838663E-09,3.67703700036199E-10
2.25395893838663E-09,3.67703700036199E-10
2.25395893838663E-09,3.60992351151376E-10
2.25395893838663E-09,1.57578876595177E-10
2.25395893838663E-09,2.11591394107471E-10
2.25395893838663E-09,2.07729415925741E-10
2.25395893838663E-09,2.15525171824235E-10
2.25395893838663E-09,1.24021791369118E-10
2.25395893838663E-09,1.25169350875682E-10
2.25395893838663E-09,1.21758138566285E-10
2.25395893838663E-09,1.20641853242155E-10
2.25395893838663E-09,2.63935616765341E-10
2.25395893838663E-09,2.61515840486075E-10
2.25395893838663E-09,2.63935616765341E-10
2.25395893838663E-09,2.68842546237928E-10
2.25395893838663E-09,2.03937926789838E-10
2.25395893838663E-09,1.82598834006854E-10
2.25395893838663E-09,2.19532083929049E-10
2.25395893838663E-09,2.15525171824235E-10
2.25395893838663E-09,2.17519401685782E-10
2.25395893838663E-09,2.23613490091703E-10
2.25395893838663E-09,2.15525171824235E-10
2.25395893838663E-09,2.17519401685782E-10
2.25395893838663E-09,1.68073018564237E-10
2.25395893838663E-09,1.72781802359349E-10
2.25395893838663E-09,1.68073018564237E-10
2.25395893838663E-09,1.68073018564237E-10
2.25395893838663E-09,1.57578876595177E-10
2.25395893838663E-09,1.63492562200176E-10
2.25395893838663E-09,1.59036935988404E-10
2.25395893838663E-09,1.53284414733852E-10
2.25395893838663E-09,1.24021791369118E-10
2.25395893838663E-09,1.27496422850294E-10
2.25395893838663E-09,1.22884752751348E-10
2.25395893838663E-09,1.21758138566285E-10
2.25395893838663E-09,1.38515380704076E-10
2.25395893838663E-09,1.25169350875682E-10
2.25395893838663E-09,1.42396068904983E-10
2.25395893838663E-09,1.43713643508329E-10
2.25395893838663E-09,1.14155804753766E-10
2.25395893838663E-09,1.14155804753766E-10
2.25395893838663E-09,1.15212075410144E-10
2.25395893838663E-09,1.15212075410144E-10
2.25395893838663E-09,1.80924757834163E-10
2.25395893838663E-09,1.74380532692705E-10
2.25395893838663E-09,1.80924757834163E-10
2.25395893838663E-09,1.71197729273792E-10
2.25395893838663E-09,8.65960335456163E-11
2.25395893838663E-09,8.90221338380005E-11
2.25395893838663E-09,9.23629934936798E-11
2.25395893838663E-09,9.32176177501782E-11
2.25395893838663E-09,1.477399677897E-10
2.25395893838663E-09,1.63492562200176E-10
2.25395893838663E-09,1.68073018564237E-10
2.25395893838663E-09,1.66532115868002E-10
2.25395893838663E-09,8.82059740092104E-11
2.25395893838663E-09,8.19403849677411E-11
2.25395893838663E-09,7.97072819925859E-11
2.25395893838663E-09,8.50154778070986E-11
2.25395893838663E-09,6.62976294544972E-11
2.25395893838663E-09,7.3366533575685E-11
2.25395893838663E-09,7.00644956268717E-11
2.25395893838663E-09,7.4045385752702E-11
2.25395893838663E-09,1.34740452030299E-10
2.25395893838663E-09,1.34740452030299E-10
2.25395893838663E-09,1.33505144140912E-10
2.25395893838663E-09,1.35987190082856E-10
2.25395893838663E-09,7.75350372730955E-11
2.25395893838663E-09,7.82524601399349E-11
2.25395893838663E-09,7.82524601399349E-11
2.25395893838663E-09,7.82524601399349E-11
2.25395893838663E-09,7.4045385752702E-11
2.25395893838663E-09,7.47305192715758E-11
2.25395893838663E-09,8.42360512215951E-11
2.25395893838663E-09,8.42360512215951E-11
2.25395893838663E-09,9.85140106055745E-11
2.25395893838663E-09,1.0034552280551E-10
2.25395893838663E-09,1.33505144140912E-10
2.25395893838663E-09,1.03156832888086E-10
2.25395893838663E-09,1.0034552280551E-10
2.25395893838663E-09,1.03156832888086E-10
2.25395893838663E-09,1.04111331310831E-10
2.25395893838663E-09,2.45187316249033E-10
2.25395893838663E-09,2.47456006553733E-10
2.25395893838663E-09,3.05842616190514E-10
2.25395893838663E-09,2.71330115690833E-10
2.25395893838663E-09,6.21581385257867E-11
2.25395893838663E-09,6.62976294544972E-11
2.25395893838663E-09,5.93605614530198E-11
2.25395893838663E-09,6.38995794657119E-11
2.25395893838663E-09,6.44908349948561E-11
2.25395893838663E-09,6.75301944107537E-11
2.25395893838663E-09,6.27332807003045E-11
2.25395893838663E-09,6.50875613440537E-11
2.25395893838663E-09,7.20274434244352E-11
2.25395893838663E-09,7.00644956268717E-11
2.25395893838663E-09,7.00644956268717E-11
2.25395893838663E-09,7.07127944229277E-11
2.25395893838663E-09,9.5829230319707E-11
2.25395893838663E-09,9.85140106055745E-11
2.25395893838663E-09,9.5829230319707E-11
2.25395893838663E-09,9.5829230319707E-11
2.25395893838663E-09,8.58021163380024E-11
2.25395893838663E-09,8.65960335456163E-11
2.25395893838663E-09,8.50154778070986E-11
2.25395893838663E-09,8.50154778070986E-11
2.25395893838663E-09,4.98308161171358E-11
2.25395893838663E-09,5.17008877049306E-11
2.25395893838663E-09,4.06909659916648E-11
2.25395893838663E-09,5.1226891117359E-11
2.25395893838663E-09,7.61198633548395E-11
2.25395893838663E-09,7.54219922528471E-11
2.25395893838663E-09,7.68241917786345E-11
2.25395893838663E-09,7.75350372730955E-11
2.25395893838663E-09,8.73972967787066E-11
2.25395893838663E-09,8.58021163380024E-11
2.25395893838663E-09,8.82059740092104E-11
2.25395893838663E-09,8.73972967787066E-11
2.25395893838663E-09,9.85140106055745E-11
2.25395893838663E-09,8.98458455007068E-11
2.25395893838663E-09,9.85140106055745E-11
2.25395893838663E-09,9.85140106055745E-11
2.25395893838663E-09,1.28676132726113E-10
2.25395893838663E-09,1.26327528619627E-10
2.25395893838663E-09,1.28676132726113E-10
2.25395893838663E-09,1.29866758323016E-10
2.25395893838663E-09,7.82524601399349E-11
2.25395893838663E-09,7.61198633548395E-11
2.25395893838663E-09,8.346377046198E-11
2.25395893838663E-09,8.26985700149272E-11
2.25395893838663E-09,1.03156832888086E-10
2.25395893838663E-09,1.05074661598742E-10
2.25395893838663E-09,1.14155804753766E-10
2.25395893838663E-09,1.13109218044972E-10
2.25395893838663E-09,8.26985700149272E-11
2.25395893838663E-09,8.42360512215951E-11
2.25395893838663E-09,8.42360512215951E-11
2.25395893838663E-09,8.42360512215951E-11
2.25395893838663E-09,6.0464156686103E-11
2.25395893838663E-09,6.0464156686103E-11
2.25395893838663E-09,5.99098179655925E-11
2.25395893838663E-09,6.15882692864194E-11
2.25395893838663E-09,6.69110738669939E-11
2.25395893838663E-09,6.75301944107537E-11
2.25395893838663E-09,6.62976294544972E-11
2.25395893838663E-09,6.69110738669939E-11
2.25395893838663E-09,9.49506626552523E-11
2.25395893838663E-09,9.94255495226651E-11
2.25395893838663E-09,7.97072819925859E-11
2.25395893838663E-09,8.50154778070986E-11
2.25395893838663E-09,7.07127944229277E-11
2.25395893838663E-09,7.3366533575685E-11
2.25395893838663E-09,1.28676132726113E-10
3.06041977846257E-16,6.95600683387287E-16
3.48639829087863E-15,4.03965242811155E-15
2.00581557845579E-14,1.97394932809644E-14
1.11663953466708E-14,9.18000673868489E-15
5.78997915247388E-15,6.86361634822322E-15
2.06784984654494E-14,1.55000107723268E-14
1.11663953466708E-14,9.18000673868489E-15
3.47398548862812E-14,2.98620074860403E-14
